Redirect from,Redirect to
/de-ch/products/urban-queen-sleeper-sofa-slipcover-performance-weave-natural,/de-ch/collections/west-elm-urban-slipcovers
/fr-be/products/urban-73-sofa-slipcover-performance-weave-natural,/fr-be/collections/west-elm-urban-slipcovers
/en-fr/products/add-on-an-extra-set-of-seat-cushion-covers-ae-stcc-5-performance-weave-natural,/en-fr/collections/custom-seat-cushion-covers
/en-sg/products/add-on-an-extra-set-of-seat-cushion-covers-at-stcc-25ch-performance-weave-natural,/en-sg/collections/custom-seat-cushion-covers
/en-sg/products/add-on-an-extra-set-of-seat-cushion-covers-as-stcc-5-performance-weave-natural,/en-sg/collections/custom-seat-cushion-covers
/de-at/products/shelter-chair-and-half-slipcover-performance-weave-natural,/de-at/collections/west-elm-shelter-slipcovers 
/de-at/products/add-on-an-extra-set-of-seat-cushion-covers-as-stcc-5ch-performance-weave-natural,/de-at/collections/custom-seat-cushion-covers
/de-ch/products/urban-73-sofa-slipcover-performance-weave-natural,/de-ch/collections/west-elm-urban-slipcovers
/en-jp/products/urban-queen-sleeper-sofa-slipcover-performance-weave-natural,/en-jp/collections/west-elm-urban-slipcovers
/en-hk/products/add-on-an-extra-set-of-seat-cushion-covers-ae-stcc-35ch-performance-weave-natural,/en-hk/collections/custom-seat-cushion-covers
/fr-be/products/urban-swivel-chair-slipcover-performance-weave-natural,/fr-be/products/urban-swivel-chair-slipcover
/fr-be/products/add-on-an-extra-set-of-seat-cushion-covers-as-stcc-1-performance-weave-natural,/fr-be/collections/custom-seat-cushion-covers
/de-ch/products/2-seater-slipcover-performance-weave-natural,/de-ch/collections/sofa-covers
/en-fr/products/add-on-an-extra-set-of-seat-cushion-covers-at-stcc-3-performance-weave-natural,/en-fr/collections/custom-seat-cushion-covers
/en-eu/products/urban-116-2-piece-chaise-sectional-slipcover-performance-weave-natural,/en-eu/collections/west-elm-urban-slipcovers
/de-ch/products/add-on-an-extra-set-of-seat-cushion-covers-ae-stcc-5ch-performance-weave-natural,/de-ch/collections/custom-seat-cushion-covers
/products/add-on-an-extra-set-of-seat-cushion-covers-at-stcc-25ch-performance-weave-natural,/collections/custom-seat-cushion-covers
/de-at/products/blvd-pet-sofas,/de-at/pages/pet-friendly-sofa-covers
/fr-be/products/add-on-an-extra-set-of-seat-cushion-covers-at-stcc-2-performance-weave-natural,/fr-be/collections/custom-seat-cushion-covers
/en-jp/products/add-on-an-extra-set-of-seat-cushion-covers-as-stcc-2-performance-weave-natural,/en-jp/collections/custom-seat-cushion-covers
/en-ch/products/add-on-an-extra-set-of-seat-cushion-covers-as-stcc-3-performance-weave-natural,/en-ch/collections/custom-seat-cushion-covers
/en-fr/products/paidge-86-sofa-slipcover-performance-weave-natural,/en-fr/collections/west-elm-paidge-slipcovers
/en-ca/products/add-on-an-extra-set-of-seat-cushion-covers-as-stcc-4-performance-weave-natural,/en-ca/collections/custom-seat-cushion-covers
/en-be/products/shelter-chair-and-half-slipcover-performance-weave-natural,/en-be/collections/west-elm-shelter-slipcovers
/en-de/products/urban-120-2-piece-chaise-sectional-slipcover-performance-weave-natural,/en-de/collections/west-elm-urban-slipcovers
/en-fr/products/urban-120-2-piece-chaise-sectional-slipcover-performance-weave-natural,/collections/west-elm-urban-slipcovers
/en-ch/products/add-on-an-extra-set-of-seat-cushion-covers-at-stcc-35ch-performance-weave-natural,/en-ch/collections/custom-seat-cushion-covers
/products/add-on-an-extra-set-of-seat-cushion-covers-at-stcc-2-performance-weave-natural,/collections/custom-seat-cushion-covers
/products/add-on-an-extra-set-of-seat-cushion-covers-at-stcc-35ch-performance-weave-natural,/collections/custom-seat-cushion-covers
/en-jp/products/add-on-an-extra-set-of-seat-cushion-covers-as-stcc-35ch-performance-weave-natural,/en-jp/collections/custom-seat-cushion-covers
/en-be/products/add-on-an-extra-set-of-seat-cushion-covers-as-stcc-2-performance-weave-natural,/en-be/collections/custom-seat-cushion-covers
/en-hk/products/blvd-pet-sofas,/en-hk/pages/pet-friendly-sofa-covers
/en-jp/products/add-on-an-extra-set-of-seat-cushion-covers-at-stcc-25ch-performance-weave-natural,/en-jp/collections/custom-seat-cushion-covers
/products/add-on-an-extra-set-of-seat-cushion-covers-ae-stcc-5ch-performance-weave-natural,/collections/custom-seat-cushion-covers
/fr-be/products/shelter-chair-and-half-slipcover-performance-weave-natural,/fr-be/collections/west-elm-shelter-slipcovers
/en-be/products/add-on-an-extra-set-of-seat-cushion-covers-as-stcc-5-performance-weave-natural,/en-be/collections/custom-seat-cushion-covers
/en-sg/products/add-on-an-extra-set-of-seat-cushion-covers-as-stcc-2-performance-weave-natural,/en-sg/collections/custom-seat-cushion-covers
/es-es/products/wire-frame-christmas-tree-performance-weave-natural,/es-es/pages/fabrics-and-accessories
/en-de/products/urban-116-2-piece-chaise-sectional-slipcover-performance-weave-natural,/en-de/collections/west-elm-urban-slipcovers
/fr-be/products/add-on-an-extra-set-of-seat-cushion-covers-as-stcc-3-performance-weave-natural,/fr-be/collections/custom-seat-cushion-covers
/en-gb/products/add-on-an-extra-set-of-seat-cushion-covers-at-stcc-3-performance-weave-natural,/en-gb/collections/custom-seat-cushion-covers
/en-de/products/add-on-an-extra-set-of-seat-cushion-covers-at-stcc-3-performance-weave-natural,/en-de/collections/custom-seat-cushion-covers
/de-at/products/add-on-an-extra-set-of-seat-cushion-covers-ae-stcc-6cnr-performance-weave-natural,/de-at/collections/custom-seat-cushion-covers
/en-ch/products/shelter-92-sofa-slipcover-performance-weave-natural,/en-ch/collections/west-elm-shelter-slipcovers
/en-hk/products/add-on-an-extra-set-of-seat-cushion-covers-ae-stcc-4-performance-weave-natural,/en-hk/collections/custom-seat-cushion-covers
/en-de/products/add-on-an-extra-set-of-seat-cushion-covers-as-stcc-25ch-performance-weave-natural,/en-de/collections/custom-seat-cushion-covers
/en-sg/products/blvd-pet-sofas,/en-sg/pages/pet-friendly-sofa-covers
/en-de/products/urban-queen-sleeper-sofa-slipcover-performance-weave-natural,/en-de/collections/west-elm-urban-slipcovers
/en-gl/products/add-on-an-extra-set-of-seat-cushion-covers-ae-stcc-25ch-performance-weave-natural,/en-gl/collections/custom-seat-cushion-covers
/products/add-on-an-extra-set-of-seat-cushion-covers-ae-stcc-6-performance-weave-natural,/collections/custom-seat-cushion-covers
/fr-be/products/2-seater-slipcover-performance-weave-natural,/fr-be/collections/sofa-covers
/de-ch/products/shelter-72-sofa-slipcover-performance-weave-natural,/de-ch/products/shelter-72-sofa-slipcover
/en-fr/products/add-on-an-extra-set-of-seat-cushion-covers-ae-stcc-6-performance-weave-natural,/en-fr/collections/custom-seat-cushion-covers
/en-fr/products/add-on-an-extra-set-of-seat-cushion-covers-as-stcc-3-performance-weave-natural,/en-fr/collections/custom-seat-cushion-covers
/fr-ch/products/add-on-an-extra-set-of-seat-cushion-covers-ae-stcc-4-performance-weave-natural,/fr-ch/collections/custom-seat-cushion-covers
/en-be/products/urban-116-2-piece-chaise-sectional-slipcover-performance-weave-natural,/en-be/collections/west-elm-urban-slipcovers
/en-gb/products/add-on-an-extra-set-of-seat-cushion-covers-at-stcc-1-performance-weave-natural,/en-gb/collections/custom-seat-cushion-covers
/de-ch/products/add-on-an-extra-set-of-seat-cushion-covers-at-stcc-1-performance-weave-natural,/de-ch/collections/custom-seat-cushion-covers
/en-eu/products/urban-120-2-piece-chaise-sectional-slipcover-performance-weave-natural,/en-eu/collections/west-elm-urban-slipcovers
/de-at/products/urban-queen-sleeper-sofa-slipcover-performance-weave-natural,/de-at/collections/west-elm-urban-slipcovers
/en-fr/products/add-on-an-extra-set-of-seat-cushion-covers-as-stcc-2-performance-weave-natural,/en-fr/collections/custom-seat-cushion-covers
/en-jp/products/add-on-an-extra-set-of-seat-cushion-covers-as-stcc-6-performance-weave-natural,/en-jp/collections/custom-seat-cushion-covers
/en-ch/products/2-seater-slipcover-performance-weave-natural,/en-ch/collections/sofa-covers
/en-eu/products/urban-queen-sleeper-sofa-slipcover-performance-weave-natural,/en-eu/collections/west-elm-urban-slipcovers
/fr-be/products/add-on-an-extra-set-of-seat-cushion-covers-as-stcc-2-performance-weave-natural,/fr-be/collections/custom-seat-cushion-covers
/en-gb/products/add-on-an-extra-set-of-seat-cushion-covers-ae-stcc-5ch-performance-weave-natural,/en-gb/collections/custom-seat-cushion-covers
/de-at/products/add-on-an-extra-set-of-seat-cushion-covers-at-stcc-2-performance-weave-natural,/de-at/collections/custom-seat-cushion-covers
/en-my/products/2-seater-slipcover-performance-weave-natural,/en-my/collections/sofa-covers
/de-at/products/2-seater-sofa-cover-1996-performance-weave-natural,/de-at/collections/sofa-covers
/en-gb/products/add-on-an-extra-set-of-seat-cushion-covers-as-stcc-6-performance-weave-natural,/en-gb/collections/custom-seat-cushion-covers
/en-sg/products/add-on-an-extra-set-of-seat-cushion-covers-at-stcc-2-performance-weave-natural,/en-sg/collections/custom-seat-cushion-covers
/de-at/products/urban-109-2-piece-chaise-sectional-slipcover-performance-weave-natural,/de-at/collections/west-elm-urban-slipcovers
/en-eu/products/add-on-an-extra-set-of-seat-cushion-covers-ae-stcc-6cnr-performance-weave-natural,/en-eu/collections/custom-seat-cushion-covers
/de-at/products/urban-116-2-piece-chaise-sectional-slipcover-performance-weave-natural,/de-at/collections/west-elm-urban-slipcovers
/en-ch/products/urban-73-sofa-slipcover-performance-weave-natural,/en-ch/collections/west-elm-urban-slipcovers
/fr-be/products/add-on-an-extra-set-of-seat-cushion-covers-as-stcc-35ch-performance-weave-natural,/fr-be/collections/custom-seat-cushion-covers
/de-ch/products/shelter-chair-and-half-slipcover-performance-weave-natural,/de-ch/collections/west-elm-shelter-slipcovers
/fr-be/products/shelter-72-sofa-slipcover-performance-weave-natural,/fr-be/products/shelter-72-sofa-slipcover
/en-fr/products/add-on-an-extra-set-of-seat-cushion-covers-at-stcc-25ch-performance-weave-natural,/en-fr/collections/custom-seat-cushion-covers
/fr-ca/products/wire-frame-christmas-tree-performance-weave-natural,/fr-ca/pages/fabrics-and-accessories
/de-ch/products/add-on-an-extra-set-of-seat-cushion-covers-as-stcc-35ch-performance-weave-natural,/de-ch/collections/custom-seat-cushion-covers
/fr-ch/products/wire-frame-christmas-tree-performance-weave-natural,/fr-ch/pages/fabrics-and-accessories
/en-eu/products/2-seater-slipcover-performance-weave-natural,/en-eu/collections/sofa-covers
/en-be/products/add-on-an-extra-set-of-seat-cushion-covers-as-stcc-3-performance-weave-natural,/en-be/collections/custom-seat-cushion-covers
/en-eu/products/add-on-an-extra-set-of-seat-cushion-covers-as-stcc-5-performance-weave-natural,/en-eu/collections/custom-seat-cushion-covers
/en-gl/products/blvd-pet-sofas,/en-gl/pages/pet-friendly-sofa-covers
/en-gb/products/shelter-chair-and-half-slipcover-performance-weave-natural,/en-gb/collections/west-elm-shelter-slipcovers
/en-eu/products/urban-109-2-piece-chaise-sectional-slipcover-performance-weave-natural,/en-eu/collections/west-elm-urban-slipcovers
/en-eu/products/add-on-an-extra-set-of-seat-cushion-covers-as-stcc-6cnr-performance-weave-natural,/en-eu/collections/custom-seat-cushion-covers
/es-es/products/add-on-an-extra-set-of-seat-cushion-covers-ae-stcc-3-performance-weave-natural,/es-es/collections/custom-seat-cushion-covers
/en-my/products/add-on-an-extra-set-of-seat-cushion-covers-ae-stcc-35ch-performance-weave-natural,/en-my/collections/custom-seat-cushion-covers
/en-gb/products/add-on-an-extra-set-of-seat-cushion-covers-ae-stcc-6-performance-weave-natural,/en-gb/collections/custom-seat-cushion-covers
/en-gb/products/urban-109-2-piece-chaise-sectional-slipcover-performance-weave-natural,/en-gb/collections/west-elm-urban-slipcovers
/de-ch/products/add-on-an-extra-set-of-seat-cushion-covers-at-stcc-25ch-performance-weave-natural,/de-ch/collections/custom-seat-cushion-covers
/en-jp/products/urban-106-2-piece-chaise-sectional-slipcover-performance-weave-natural,/en-jp/collections/west-elm-urban-slipcovers
/fr-be/products/add-on-an-extra-set-of-seat-cushion-covers-as-stcc-6cnr-performance-weave-natural,/fr-be/collections/custom-seat-cushion-covers
/en-sg/products/add-on-an-extra-set-of-seat-cushion-covers-as-stcc-1-performance-weave-natural,/en-sg/collections/custom-seat-cushion-covers
/en-ca/products/add-on-an-extra-set-of-seat-cushion-covers-at-stcc-1-performance-weave-natural,/en-ca/collections/custom-seat-cushion-covers
/en-es/products/add-on-an-extra-set-of-seat-cushion-covers-ae-stcc-35ch-performance-weave-natural,/en-es/collections/custom-seat-cushion-covers
/en-fr/products/add-on-an-extra-set-of-seat-cushion-covers-as-stcc-1-performance-weave-natural,/en-fr/collections/custom-seat-cushion-covers
/en-fr/products/2-seater-slipcover-performance-weave-natural,/en-fr/collections/sofa-covers
/es-es/products/add-on-an-extra-set-of-seat-cushion-covers-ae-stcc-4-performance-weave-natural,/es-es/collections/custom-seat-cushion-covers
/en-fr/products/blvd-pet-sofas,/en-fr/pages/pet-friendly-sofa-covers
/en-jp/products/add-on-an-extra-set-of-seat-cushion-covers-ae-stcc-5ch-performance-weave-natural,/en-jp/collections/custom-seat-cushion-covers
/fr-be/products/add-on-an-extra-set-of-seat-cushion-covers-at-stcc-1-performance-weave-natural,/fr-be/collections/custom-seat-cushion-covers
/en-de/products/add-on-an-extra-set-of-seat-cushion-covers-ae-stcc-5-performance-weave-natural,/en-de/collections/custom-seat-cushion-covers
/en-gl/products/wire-frame-christmas-tree-performance-weave-natural,/en-gl/pages/fabrics-and-accessories
/en-ch/products/add-on-an-extra-set-of-seat-cushion-covers-as-stcc-25ch-performance-weave-natural,/en-ch/collections/custom-seat-cushion-covers
/en-gb/products/add-on-an-extra-set-of-seat-cushion-covers-ae-stcc-5-performance-weave-natural,/en-gb/collections/custom-seat-cushion-covers
/de-ch/products/2-seater-sofa-cover-1996-performance-weave-natural,/de-ch/collections/sofa-covers
/en-ca/products/add-on-an-extra-set-of-seat-cushion-covers-at-stcc-3-performance-weave-natural,/en-ca/collections/custom-seat-cushion-covers
/en-gb/products/paidge-86-sofa-slipcover-performance-weave-natural,/en-gb/collections/west-elm-paidge-slipcovers
/es-es/products/fresh-whites-fabric-sample-set-performance-weave-natural,/es-es/pages/fabric-samples
/fr-be/products/urban-109-2-piece-chaise-sectional-slipcover-performance-weave-natural,/fr-be/collections/west-elm-urban-slipcovers
/products/add-on-an-extra-set-of-seat-cushion-covers-at-stcc-1-performance-weave-natural,/collections/custom-seat-cushion-covers
/en-jp/products/urban-116-2-piece-chaise-sectional-slipcover-performance-weave-natural,/en-jp/collections/west-elm-urban-slipcovers
/en-sg/products/urban-queen-sleeper-sofa-slipcover-performance-weave-natural,/en-sg/collections/west-elm-urban-slipcovers
/en-ch/products/add-on-an-extra-set-of-seat-cushion-covers-ae-stcc-5-performance-weave-natural,/en-ch/collections/custom-seat-cushion-covers
/en-jp/products/add-on-an-extra-set-of-seat-cushion-covers-at-stcc-1-performance-weave-natural,/en-jp/collections/custom-seat-cushion-covers
/en-fr/products/shelter-92-sofa-slipcover-performance-weave-natural,/en-fr/collections/west-elm-shelter-slipcovers
/en-hk/products/2-seater-slipcover-performance-weave-natural,/en-hk/collections/sofa-covers
/fr-ch/products/add-on-an-extra-set-of-seat-cushion-covers-ae-stcc-2-performance-weave-natural,/fr-ch/collections/custom-seat-cushion-covers
/en-my/products/add-on-an-extra-set-of-seat-cushion-covers-ae-stcc-4-performance-weave-natural,/en-my/collections/custom-seat-cushion-covers
/en-ch/products/add-on-an-extra-set-of-seat-cushion-covers-at-stcc-2-performance-weave-natural,/en-ch/collections/custom-seat-cushion-covers
/fr-ca/products/william-sonamo-branded-template-performance-weave-natural,/fr-ca/pages/brands-we-cover
/fr-ca/products/add-on-an-extra-set-of-seat-cushion-covers-ae-stcc-25ch-performance-weave-natural,/fr-ca/collections/custom-seat-cushion-covers
/en-fr/products/urban-109-2-piece-chaise-sectional-slipcover-performance-weave-natural,/en-fr/collections/west-elm-urban-slipcovers
/en-sg/products/urban-73-sofa-slipcover-performance-weave-natural,/en-sg/collections/west-elm-urban-slipcovers
/de-ch/products/add-on-an-extra-set-of-seat-cushion-covers-as-stcc-3-performance-weave-natural,/de-ch/collections/custom-seat-cushion-covers
/en-be/products/add-on-an-extra-set-of-seat-cushion-covers-at-stcc-25ch-performance-weave-natural,/en-be/collections/custom-seat-cushion-covers
/fr-be/products/add-on-an-extra-set-of-seat-cushion-covers-as-stcc-6-performance-weave-natural,/fr-be/collections/custom-seat-cushion-covers
/fr-be/products/shelter-84-5-queen-sleeper-sofa-slipcover-performance-weave-natural,/fr-be/products/shelter-84-5-queen-sleeper-sofa-slipcover
/en-sg/products/add-on-an-extra-set-of-seat-cushion-covers-ae-stcc-5ch-performance-weave-natural,/en-sg/collections/custom-seat-cushion-covers
/en-de/products/add-on-an-extra-set-of-seat-cushion-covers-as-stcc-35ch-performance-weave-natural,/en-de/collections/custom-seat-cushion-covers
/de-ch/products/add-on-an-extra-set-of-seat-cushion-covers-as-stcc-2-performance-weave-natural,/de-ch/collections/custom-seat-cushion-covers
/en-hk/products/add-on-an-extra-set-of-seat-cushion-covers-ae-stcc-2-performance-weave-natural,/en-hk/collections/custom-seat-cushion-covers
/de-ch/products/add-on-an-extra-set-of-seat-cushion-covers-as-stcc-5-performance-weave-natural,/de-ch/collections/custom-seat-cushion-covers
/en-ca/products/add-on-an-extra-set-of-seat-cushion-covers-as-stcc-6cnr-performance-weave-natural,/en-ca/collections/custom-seat-cushion-covers
/products/add-on-an-extra-set-of-seat-cushion-covers-ae-stcc-6cnr-performance-weave-natural,/collections/custom-seat-cushion-covers
/en-ch/products/urban-queen-sleeper-sofa-slipcover-performance-weave-natural,/en-ch/collections/west-elm-urban-slipcovers
/es-es/products/add-on-an-extra-set-of-seat-cushion-covers-ae-stcc-35ch-performance-weave-natural,/es-es/collections/custom-seat-cushion-covers
/en-fr/products/add-on-an-extra-set-of-seat-cushion-covers-at-stcc-35ch-performance-weave-natural,/en-fr/collections/custom-seat-cushion-covers
/en-ca/products/blvd-pet-sofas,/en-ca/pages/pet-friendly-sofa-covers
/en-ca/products/shelter-92-sofa-slipcover-performance-weave-natural,/en-ca/collections/west-elm-shelter-slipcovers
/en-fr/products/add-on-an-extra-set-of-seat-cushion-covers-as-stcc-35ch-performance-weave-natural,/en-fr/collections/custom-seat-cushion-covers
/en-gl/products/add-on-an-extra-set-of-seat-cushion-covers-ae-stcc-35ch-performance-weave-natural,/en-gl/collections/custom-seat-cushion-covers
/de-ch/products/urban-swivel-chair-slipcover-performance-weave-natural,/de-ch/products/urban-swivel-chair-slipcover
/en-sg/products/urban-116-2-piece-chaise-sectional-slipcover-performance-weave-natural,/en-sg/collections/west-elm-urban-slipcovers
/en-hk/products/fresh-whites-fabric-sample-set-performance-weave-natural,/en-hk/pages/fabric-samples
/fr-be/products/urban-ottoman-slipcover-performance-weave-natural,/fr-be/collections/west-elm-urban-slipcovers
/en-fr/products/add-on-an-extra-set-of-seat-cushion-covers-as-stcc-25ch-performance-weave-natural,/en-fr/collections/custom-seat-cushion-covers
/en-ch/products/add-on-an-extra-set-of-seat-cushion-covers-as-stcc-6cnr-performance-weave-natural,/en-ch/collections/custom-seat-cushion-covers
/de-ch/products/add-on-an-extra-set-of-seat-cushion-covers-at-stcc-4-performance-weave-natural,/de-ch/collections/custom-seat-cushion-covers
/en-eu/products/add-on-an-extra-set-of-seat-cushion-covers-as-stcc-4-performance-weave-natural,/en-eu/collections/custom-seat-cushion-covers
/fr-ch/products/add-on-an-extra-set-of-seat-cushion-covers-ae-stcc-25ch-performance-weave-natural,/fr-ch/collections/custom-seat-cushion-covers
/en-ca/products/add-on-an-extra-set-of-seat-cushion-covers-as-stcc-3-performance-weave-natural,/en-ca/collections/custom-seat-cushion-covers
/products/add-on-an-extra-set-of-seat-cushion-covers-as-stcc-35ch-performance-weave-natural,/collections/custom-seat-cushion-covers
/en-ca/products/add-on-an-extra-set-of-seat-cushion-covers-at-stcc-25ch-performance-weave-natural,/en-ca/collections/custom-seat-cushion-covers
/en-eu/products/add-on-an-extra-set-of-seat-cushion-covers-at-stcc-35ch-performance-weave-natural,/en-eu/collections/custom-seat-cushion-covers
/en-sg/products/add-on-an-extra-set-of-seat-cushion-covers-ae-stcc-5-performance-weave-natural,/en-sg/collections/custom-seat-cushion-covers
/products/paidge-86-sofa-slipcover-performance-weave-natural,/collections/west-elm-paidge-slipcovers
/es-es/products/add-on-an-extra-set-of-seat-cushion-covers-ae-stcc-1-performance-weave-natural,/es-es/collections/custom-seat-cushion-covers
/fr-be/products/urban-106-2-piece-chaise-sectional-slipcover-performance-weave-natural,/fr-be/collections/west-elm-urban-slipcovers
/en-sg/products/urban-106-2-piece-chaise-sectional-slipcover-performance-weave-natural,/en-sg/collections/west-elm-urban-slipcovers
/en-gl/products/add-on-an-extra-set-of-seat-cushion-covers-ae-stcc-2-performance-weave-natural,/en-gl/collections/custom-seat-cushion-covers
/en-sg/products/add-on-an-extra-set-of-seat-cushion-covers-ae-stcc-6cnr-performance-weave-natural,/en-sg/collections/custom-seat-cushion-covers
/en-gb/products/add-on-an-extra-set-of-seat-cushion-covers-ae-stcc-6cnr-performance-weave-natural,/en-gb/collections/custom-seat-cushion-covers
/fr-be/products/urban-queen-sleeper-sofa-slipcover-performance-weave-natural,/fr-be/collections/west-elm-urban-slipcovers
/fr-be/products/add-on-an-extra-set-of-seat-cushion-covers-ae-stcc-6cnr-performance-weave-natural,/fr-be/collections/custom-seat-cushion-covers
/en-be/products/add-on-an-extra-set-of-seat-cushion-covers-as-stcc-6-performance-weave-natural,/en-be/collections/custom-seat-cushion-covers
/en-be/products/urban-106-2-piece-chaise-sectional-slipcover-performance-weave-natural,/en-be/collections/west-elm-urban-slipcovers
/en-gl/products/fresh-whites-fabric-sample-set-performance-weave-natural,/en-gl/pages/fabric-samples
/de-at/products/add-on-an-extra-set-of-seat-cushion-covers-at-stcc-1-performance-weave-natural,/de-at/collections/custom-seat-cushion-covers
/products/add-on-an-extra-set-of-seat-cushion-covers-at-stcc-3-performance-weave-natural,/collections/custom-seat-cushion-covers
/products/urban-queen-sleeper-sofa-slipcover-performance-weave-natural,/collections/west-elm-urban-slipcovers
/en-ch/products/urban-109-2-piece-chaise-sectional-slipcover-performance-weave-natural,/en-ch/collections/west-elm-urban-slipcovers
/en-ch/products/blvd-pet-sofas,/en-ch/pages/pet-friendly-sofa-covers
/en-ca/products/urban-106-2-piece-chaise-sectional-slipcover-performance-weave-natural,/en-ca/collections/west-elm-urban-slipcovers
/fr-ca/products/add-on-an-extra-set-of-seat-cushion-covers-ae-stcc-1-performance-weave-natural,/fr-ca/collections/custom-seat-cushion-covers
/en-jp/products/shelter-92-sofa-slipcover-performance-weave-natural,/en-jp/collections/west-elm-shelter-slipcovers
/de-at/products/urban-swivel-chair-slipcover-performance-weave-natural,/de-at/products/urban-swivel-chair-slipcover
/en-ca/products/add-on-an-extra-set-of-seat-cushion-covers-at-stcc-2-performance-weave-natural,/en-ca/collections/custom-seat-cushion-covers
/en-hk/products/william-sonamo-branded-template-performance-weave-natural,/en-hk/pages/brands-we-cover
/en-be/products/add-on-an-extra-set-of-seat-cushion-covers-as-stcc-4-performance-weave-natural,/en-be/collections/custom-seat-cushion-covers
/en-de/products/add-on-an-extra-set-of-seat-cushion-covers-at-stcc-25ch-performance-weave-natural,/en-de/collections/custom-seat-cushion-covers
/en-eu/products/add-on-an-extra-set-of-seat-cushion-covers-at-stcc-3-performance-weave-natural,/en-eu/collections/custom-seat-cushion-covers
/fr-be/products/add-on-an-extra-set-of-seat-cushion-covers-as-stcc-5ch-performance-weave-natural,/fr-be/collections/custom-seat-cushion-covers
/products/shelter-chair-and-half-slipcover-performance-weave-natural,/collections/west-elm-shelter-slipcovers
/fr-be/products/add-on-an-extra-set-of-seat-cushion-covers-at-stcc-25ch-performance-weave-natural,/fr-be/collections/custom-seat-cushion-covers
/en-hk/products/add-on-an-extra-set-of-seat-cushion-covers-ae-stcc-3-performance-weave-natural,/en-hk/collections/custom-seat-cushion-covers
/de-at/products/add-on-an-extra-set-of-seat-cushion-covers-as-stcc-25ch-performance-weave-natural,/de-at/collections/custom-seat-cushion-covers
/de-ch/products/shelter-84-5-queen-sleeper-sofa-slipcover-performance-weave-natural,/de-ch/products/shelter-84-5-queen-sleeper-sofa-slipcover
/en-fr/products/add-on-an-extra-set-of-seat-cushion-covers-ae-stcc-6cnr-performance-weave-natural,/en-fr/collections/custom-seat-cushion-covers
/en-eu/products/add-on-an-extra-set-of-seat-cushion-covers-at-stcc-1-performance-weave-natural,/en-eu/collections/custom-seat-cushion-covers
/en-eu/products/add-on-an-extra-set-of-seat-cushion-covers-as-stcc-1-performance-weave-natural,/en-eu/collections/custom-seat-cushion-covers
/en-sg/products/shelter-92-sofa-slipcover-performance-weave-natural,/en-sg/collections/west-elm-shelter-slipcovers
/de-at/products/2-seater-slipcover-performance-weave-natural,/de-at/collections/sofa-covers
/en-gb/products/add-on-an-extra-set-of-seat-cushion-covers-as-stcc-5-performance-weave-natural,/en-gb/collections/custom-seat-cushion-covers
/fr-be/products/shelter-92-sofa-slipcover-performance-weave-natural,/fr-be/collections/west-elm-shelter-slipcovers
/en-es/products/add-on-an-extra-set-of-seat-cushion-covers-ae-stcc-25ch-performance-weave-natural,/en-es/collections/custom-seat-cushion-covers
/de-at/products/add-on-an-extra-set-of-seat-cushion-covers-at-stcc-4-performance-weave-natural,/de-at/collections/custom-seat-cushion-covers
/en-jp/products/add-on-an-extra-set-of-seat-cushion-covers-as-stcc-25ch-performance-weave-natural,/en-jp/collections/custom-seat-cushion-covers
/en-de/products/add-on-an-extra-set-of-seat-cushion-covers-ae-stcc-5ch-performance-weave-natural,/en-de/collections/custom-seat-cushion-covers
/en-my/products/add-on-an-extra-set-of-seat-cushion-covers-ae-stcc-2-performance-weave-natural,/en-my/collections/custom-seat-cushion-covers
/en-ca/products/add-on-an-extra-set-of-seat-cushion-covers-as-stcc-2-performance-weave-natural,/en-ca/collections/custom-seat-cushion-covers
/en-sg/products/urban-109-2-piece-chaise-sectional-slipcover-performance-weave-natural,/en-sg/collections/west-elm-urban-slipcovers
/en-ca/products/add-on-an-extra-set-of-seat-cushion-covers-ae-stcc-6cnr-performance-weave-natural,/en-ca/collections/custom-seat-cushion-covers
/en-eu/products/urban-73-sofa-slipcover-performance-weave-natural,/en-eu/collections/west-elm-urban-slipcovers
/en-be/products/blvd-pet-sofas,/en-be/pages/pet-friendly-sofa-covers
/fr-ch/products/blvd-pet-sofas,/fr-ch/pages/pet-friendly-sofa-covers
/en-be/products/urban-109-2-piece-chaise-sectional-slipcover-performance-weave-natural,/en-be/collections/west-elm-urban-slipcovers
/en-gb/products/urban-116-2-piece-chaise-sectional-slipcover-performance-weave-natural,/en-gb/collections/west-elm-urban-slipcovers
/de-at/products/add-on-an-extra-set-of-seat-cushion-covers-as-stcc-3-performance-weave-natural,/de-at/collections/custom-seat-cushion-covers
/en-ca/products/paidge-86-sofa-slipcover-performance-weave-natural,/en-ca/collections/west-elm-paidge-slipcovers
/en-de/products/add-on-an-extra-set-of-seat-cushion-covers-at-stcc-2-performance-weave-natural,/en-de/collections/custom-seat-cushion-covers
/en-sg/products/add-on-an-extra-set-of-seat-cushion-covers-as-stcc-5ch-performance-weave-natural,/en-sg/collections/custom-seat-cushion-covers
/de-ch/products/add-on-an-extra-set-of-seat-cushion-covers-as-stcc-25ch-performance-weave-natural,/de-ch/collections/custom-seat-cushion-covers
/en-fr/collections/west-elm-urban-slipcovers,/de-ch/collections/west-elm-urban-slipcovers
/en-ch/products/add-on-an-extra-set-of-seat-cushion-covers-as-stcc-35ch-performance-weave-natural,/en-ch/collections/custom-seat-cushion-covers
/en-de/products/blvd-pet-sofas,/en-de/pages/pet-friendly-sofa-covers
/en-ca/products/urban-109-2-piece-chaise-sectional-slipcover-performance-weave-natural,/en-ca/collections/west-elm-urban-slipcovers
/en-de/products/add-on-an-extra-set-of-seat-cushion-covers-as-stcc-2-performance-weave-natural,/en-de/collections/custom-seat-cushion-covers
/en-gb/products/shelter-92-sofa-slipcover-performance-weave-natural,/en-gb/collections/west-elm-shelter-slipcovers
/en-gb/products/add-on-an-extra-set-of-seat-cushion-covers-at-stcc-25ch-performance-weave-natural,/en-gb/collections/custom-seat-cushion-covers
/en-fr/products/urban-106-2-piece-chaise-sectional-slipcover-performance-weave-natural,/en-fr/collections/west-elm-urban-slipcovers
/en-gb/products/add-on-an-extra-set-of-seat-cushion-covers-as-stcc-3-performance-weave-natural,/en-gb/collections/custom-seat-cushion-covers
/products/urban-73-sofa-slipcover-performance-weave-natural,/collections/west-elm-urban-slipcovers
/products/add-on-an-extra-set-of-seat-cushion-covers-as-stcc-6cnr-performance-weave-natural,/collections/custom-seat-cushion-covers
/en-sg/products/add-on-an-extra-set-of-seat-cushion-covers-as-stcc-3-performance-weave-natural,/en-sg/collections/custom-seat-cushion-covers
/en-ch/products/add-on-an-extra-set-of-seat-cushion-covers-as-stcc-1-performance-weave-natural,/en-ch/collections/custom-seat-cushion-covers
/en-be/products/urban-queen-sleeper-sofa-slipcover-performance-weave-natural,/en-be/collections/west-elm-urban-slipcovers
/en-be/products/urban-73-sofa-slipcover-performance-weave-natural,/en-be/collections/west-elm-urban-slipcovers
/en-fr/products/add-on-an-extra-set-of-seat-cushion-covers-as-stcc-5ch-performance-weave-natural,/en-fr/collections/custom-seat-cushion-covers
/en-gb/products/urban-73-sofa-slipcover-performance-weave-natural,/en-gb/collections/west-elm-urban-slipcovers
/en-be/products/add-on-an-extra-set-of-seat-cushion-covers-as-stcc-35ch-performance-weave-natural,/en-be/collections/custom-seat-cushion-covers
/en-sg/products/add-on-an-extra-set-of-seat-cushion-covers-as-stcc-6-performance-weave-natural,/en-sg/collections/custom-seat-cushion-covers
/en-eu/products/add-on-an-extra-set-of-seat-cushion-covers-ae-stcc-5ch-performance-weave-natural,/en-eu/collections/custom-seat-cushion-covers
/de-ch/products/urban-106-2-piece-chaise-sectional-slipcover-performance-weave-natural,/de-ch/collections/west-elm-urban-slipcovers
/de-at/products/add-on-an-extra-set-of-seat-cushion-covers-as-stcc-5-performance-weave-natural,/de-at/collections/custom-seat-cushion-covers
/en-ch/products/add-on-an-extra-set-of-seat-cushion-covers-ae-stcc-6cnr-performance-weave-natural,/en-ch/collections/custom-seat-cushion-covers
/products/add-on-an-extra-set-of-seat-cushion-covers-as-stcc-5-performance-weave-natural,/collections/custom-seat-cushion-covers
/en-es/products/add-on-an-extra-set-of-seat-cushion-covers-ae-stcc-3-performance-weave-natural,/en-es/collections/custom-seat-cushion-covers
/en-ca/products/add-on-an-extra-set-of-seat-cushion-covers-ae-stcc-5ch-performance-weave-natural,/en-ca/collections/custom-seat-cushion-covers
/en-be/products/add-on-an-extra-set-of-seat-cushion-covers-ae-stcc-5-performance-weave-natural,/en-be/collections/custom-seat-cushion-covers
/en-my/products/william-sonamo-branded-template-performance-weave-natural,/en-my/pages/brands-we-cover
/en-ch/products/add-on-an-extra-set-of-seat-cushion-covers-as-stcc-5-performance-weave-natural,/en-ch/collections/custom-seat-cushion-covers
/fr-be/products/add-on-an-extra-set-of-seat-cushion-covers-ae-stcc-5-performance-weave-natural,/fr-be/collections/custom-seat-cushion-covers
/de-at/products/add-on-an-extra-set-of-seat-cushion-covers-ae-stcc-6-performance-weave-natural,/de-at/collections/custom-seat-cushion-covers
/fr-be/products/add-on-an-extra-set-of-seat-cushion-covers-ae-stcc-5ch-performance-weave-natural,/fr-be/collections/custom-seat-cushion-covers
/en-eu/products/add-on-an-extra-set-of-seat-cushion-covers-as-stcc-6-performance-weave-natural,/en-eu/collections/custom-seat-cushion-covers
/en-gb/products/add-on-an-extra-set-of-seat-cushion-covers-as-stcc-5ch-performance-weave-natural,/en-gb/collections/custom-seat-cushion-covers
/en-de/products/add-on-an-extra-set-of-seat-cushion-covers-at-stcc-4-performance-weave-natural,/en-de/collections/custom-seat-cushion-covers
/en-be/products/add-on-an-extra-set-of-seat-cushion-covers-as-stcc-1-performance-weave-natural,/en-be/collections/custom-seat-cushion-covers
/de-ch/products/add-on-an-extra-set-of-seat-cushion-covers-at-stcc-3-performance-weave-natural,/de-ch/collections/custom-seat-cushion-covers
/fr-be/products/add-on-an-extra-set-of-seat-cushion-covers-as-stcc-25ch-performance-weave-natural,/fr-be/collections/custom-seat-cushion-covers
/en-gb/products/urban-120-2-piece-chaise-sectional-slipcover-performance-weave-natural,/en-gb/collections/west-elm-urban-slipcovers
/en-jp/products/add-on-an-extra-set-of-seat-cushion-covers-ae-stcc-6cnr-performance-weave-natural,/en-jp/collections/custom-seat-cushion-covers
/en-be/products/add-on-an-extra-set-of-seat-cushion-covers-as-stcc-25ch-performance-weave-natural,/en-be/collections/custom-seat-cushion-covers
/en-jp/products/add-on-an-extra-set-of-seat-cushion-covers-at-stcc-4-performance-weave-natural,/en-jp/collections/custom-seat-cushion-covers
/en-jp/products/add-on-an-extra-set-of-seat-cushion-covers-at-stcc-35ch-performance-weave-natural,/en-jp/collections/custom-seat-cushion-covers
/en-fr/products/add-on-an-extra-set-of-seat-cushion-covers-as-stcc-5-performance-weave-natural,/en-fr/collections/custom-seat-cushion-covers
/en-gb/products/add-on-an-extra-set-of-seat-cushion-covers-as-stcc-2-performance-weave-natural,/en-gb/collections/custom-seat-cushion-covers
/en-jp/products/blvd-pet-sofas,/en-jp/pages/pet-friendly-sofa-covers
/en-de/products/add-on-an-extra-set-of-seat-cushion-covers-ae-stcc-6cnr-performance-weave-natural,/en-de/collections/custom-seat-cushion-covers
/de-ch/products/urban-109-2-piece-chaise-sectional-slipcover-performance-weave-natural,/de-ch/collections/west-elm-urban-slipcovers
/en-jp/products/add-on-an-extra-set-of-seat-cushion-covers-as-stcc-4-performance-weave-natural,/en-jp/collections/custom-seat-cushion-covers
/en-de/products/add-on-an-extra-set-of-seat-cushion-covers-ae-stcc-6-performance-weave-natural,/en-de/collections/custom-seat-cushion-covers
/en-ca/products/urban-73-sofa-slipcover-performance-weave-natural,/en-ca/collections/west-elm-urban-slipcovers
/de-ch/products/shelter-92-sofa-slipcover-performance-weave-natural,/de-ch/collections/west-elm-shelter-slipcovers
/en-ca/products/add-on-an-extra-set-of-seat-cushion-covers-at-stcc-35ch-performance-weave-natural,/en-ca/collections/custom-seat-cushion-covers
/de-ch/products/add-on-an-extra-set-of-seat-cushion-covers-ae-stcc-6cnr-performance-weave-natural,/de-ch/collections/custom-seat-cushion-covers
/en-es/products/william-sonamo-branded-template-performance-weave-natural,/en-es/pages/brands-we-cover
/de-at/products/add-on-an-extra-set-of-seat-cushion-covers-as-stcc-4-performance-weave-natural,/de-at/collections/custom-seat-cushion-covers
/en-jp/products/shelter-chair-and-half-slipcover-performance-weave-natural,/en-jp/collections/west-elm-shelter-slipcovers
/en-ch/products/shelter-chair-and-half-slipcover-performance-weave-natural,/en-ch/collections/west-elm-shelter-slipcovers
/en-jp/products/urban-73-sofa-slipcover-performance-weave-natural,/en-jp/collections/west-elm-urban-slipcovers
/en-eu/products/add-on-an-extra-set-of-seat-cushion-covers-as-stcc-25ch-performance-weave-natural,/en-eu/collections/custom-seat-cushion-covers
/en-ch/products/add-on-an-extra-set-of-seat-cushion-covers-as-stcc-2-performance-weave-natural,/en-ch/collections/custom-seat-cushion-covers
/en-ca/products/add-on-an-extra-set-of-seat-cushion-covers-as-stcc-25ch-performance-weave-natural,/en-ca/collections/custom-seat-cushion-covers
/es-es/products/2-seater-sofa-cover-1996-performance-weave-natural,/es-es/collections/sofa-covers
/fr-ch/products/fresh-whites-fabric-sample-set-performance-weave-natural,/fr-ch/pages/fabric-samples
/en-gb/products/urban-queen-sleeper-sofa-slipcover-performance-weave-natural,/en-gb/collections/west-elm-urban-slipcovers
/en-eu/products/add-on-an-extra-set-of-seat-cushion-covers-at-stcc-4-performance-weave-natural,/en-fr/collections/custom-seat-cushion-covers
/products/add-on-an-extra-set-of-seat-cushion-covers-as-stcc-3-performance-weave-natural,/collections/custom-seat-cushion-covers
/en-es/products/blvd-pet-sofas,/en-es/pages/pet-friendly-sofa-covers
/de-ch/products/add-on-an-extra-set-of-seat-cushion-covers-as-stcc-6-performance-weave-natural,/de-ch/collections/custom-seat-cushion-covers
/fr-ch/products/add-on-an-extra-set-of-seat-cushion-covers-ae-stcc-3-performance-weave-natural,/fr-ch/collections/custom-seat-cushion-covers
/en-my/products/add-on-an-extra-set-of-seat-cushion-covers-ae-stcc-3-performance-weave-natural,/en-my/collections/custom-seat-cushion-covers
/en-hk/products/wire-frame-christmas-tree-performance-weave-natural,/en-hk/pages/fabrics-and-accessories
/en-es/products/add-on-an-extra-set-of-seat-cushion-covers-ae-stcc-1-performance-weave-natural,/en-es/collections/custom-seat-cushion-covers
/en-de/products/add-on-an-extra-set-of-seat-cushion-covers-as-stcc-1-performance-weave-natural,/en-de/collections/custom-seat-cushion-covers
/de-ch/products/add-on-an-extra-set-of-seat-cushion-covers-as-stcc-5ch-performance-weave-natural,/de-ch/collections/custom-seat-cushion-covers
/products/add-on-an-extra-set-of-seat-cushion-covers-as-stcc-25ch-performance-weave-natural,/collections/custom-seat-cushion-covers
/en-my/products/add-on-an-extra-set-of-seat-cushion-covers-ae-stcc-1-performance-weave-natural,/en-my/collections/custom-seat-cushion-covers
/en-de/products/urban-73-sofa-slipcover-performance-weave-natural,/en-de/collections/west-elm-urban-slipcovers
/fr-ca/products/2-seater-sofa-cover-1996-performance-weave-natural,/fr-ca/collections/sofa-covers
/en-gl/products/william-sonamo-branded-template-performance-weave-natural,/en-gl/pages/brands-we-cover
/fr-ca/products/fresh-whites-fabric-sample-set-performance-weave-natural,/fr-ca/pages/fabric-samples
/en-gb/products/add-on-an-extra-set-of-seat-cushion-covers-as-stcc-4-performance-weave-natural,/en-gb/collections/custom-seat-cushion-covers
/de-at/products/shelter-72-sofa-slipcover-performance-weave-natural,/de-at/products/shelter-72-sofa-slipcover
/fr-ca/products/blvd-pet-sofas,/fr-ca/pages/pet-friendly-sofa-covers
/en-de/products/paidge-86-sofa-slipcover-performance-weave-natural,/en-de/collections/west-elm-paidge-slipcovers
/en-ca/products/add-on-an-extra-set-of-seat-cushion-covers-ae-stcc-6-performance-weave-natural,/en-ca/collections/custom-seat-cushion-covers
/en-ca/products/urban-116-2-piece-chaise-sectional-slipcover-performance-weave-natural,/en-ca/collections/west-elm-urban-slipcovers
/en-be/products/urban-120-2-piece-chaise-sectional-slipcover-performance-weave-natural,/en-be/collections/west-elm-urban-slipcovers
/fr-be/products/urban-116-2-piece-chaise-sectional-slipcover-performance-weave-natural,/fr-be/collections/west-elm-urban-slipcovers
/products/urban-106-2-piece-chaise-sectional-slipcover-performance-weave-natural,/collections/west-elm-urban-slipcovers
/en-sg/products/add-on-an-extra-set-of-seat-cushion-covers-at-stcc-35ch-performance-weave-natural,/en-sg/collections/custom-seat-cushion-covers
/en-ca/products/add-on-an-extra-set-of-seat-cushion-covers-ae-stcc-5-performance-weave-natural,/en-ca/collections/custom-seat-cushion-covers
/products/shelter-92-sofa-slipcover-performance-weave-natural,/collections/west-elm-shelter-slipcovers
/fr-be/products/urban-120-2-piece-chaise-sectional-slipcover-performance-weave-natural,/fr-be/collections/west-elm-urban-slipcovers
/en-sg/products/shelter-chair-and-half-slipcover-performance-weave-natural,/en-sg/collections/west-elm-shelter-slipcovers
/en-de/products/add-on-an-extra-set-of-seat-cushion-covers-as-stcc-4-performance-weave-natural,/en-de/collections/custom-seat-cushion-covers
/en-de/products/urban-109-2-piece-chaise-sectional-slipcover-performance-weave-natural,/en-de/collections/west-elm-urban-slipcovers
/en-ca/products/2-seater-slipcover-performance-weave-natural,/en-ca/collections/sofa-covers
/en-gb/products/add-on-an-extra-set-of-seat-cushion-covers-as-stcc-25ch-performance-weave-natural,/en-gb/collections/custom-seat-cushion-covers
/en-jp/products/add-on-an-extra-set-of-seat-cushion-covers-as-stcc-3-performance-weave-natural,/en-jp/collections/custom-seat-cushion-covers
/en-fr/products/add-on-an-extra-set-of-seat-cushion-covers-as-stcc-6cnr-performance-weave-natural,/en-fr/collections/custom-seat-cushion-covers
/en-de/products/shelter-chair-and-half-slipcover-performance-weave-natural,/en-de/collections/west-elm-shelter-slipcovers
/en-ca/products/urban-queen-sleeper-sofa-slipcover-performance-weave-natural,/en-ca/collections/west-elm-urban-slipcovers
/fr-ca/products/add-on-an-extra-set-of-seat-cushion-covers-ae-stcc-35ch-performance-weave-natural,/fr-ca/collections/custom-seat-cushion-covers
/products/2-seater-slipcover-performance-weave-natural,/collections/sofa-covers
/en-de/products/urban-106-2-piece-chaise-sectional-slipcover-performance-weave-natural,/en-de/collections/west-elm-urban-slipcovers
/de-ch/products/add-on-an-extra-set-of-seat-cushion-covers-at-stcc-2-performance-weave-natural,/de-ch/collections/custom-seat-cushion-covers
/en-eu/products/shelter-chair-and-half-slipcover-performance-weave-natural,/en-eu/collections/west-elm-shelter-slipcovers
/en-jp/products/add-on-an-extra-set-of-seat-cushion-covers-ae-stcc-5-performance-weave-natural,/en-jp/collections/custom-seat-cushion-covers
/de-at/products/add-on-an-extra-set-of-seat-cushion-covers-ae-stcc-5ch-performance-weave-natural,/de-at/collections/custom-seat-cushion-covers
/es-es/products/add-on-an-extra-set-of-seat-cushion-covers-ae-stcc-2-performance-weave-natural,/en-es/collections/custom-seat-cushion-covers
/de-ch/products/add-on-an-extra-set-of-seat-cushion-covers-as-stcc-1-performance-weave-natural,/de-ch/collections/custom-seat-cushion-covers
/fr-be/products/blvd-pet-sofas,/fr-be/pages/pet-friendly-sofa-covers
/en-ch/products/paidge-86-sofa-slipcover-performance-weave-natural,/en-ch/collections/west-elm-paidge-slipcovers
/products/add-on-an-extra-set-of-seat-cushion-covers-as-stcc-5ch-performance-weave-natural,/collections/custom-seat-cushion-covers
/en-de/products/add-on-an-extra-set-of-seat-cushion-covers-as-stcc-6cnr-performance-weave-natural,/en-de/collections/custom-seat-cushion-covers
/en-gb/products/add-on-an-extra-set-of-seat-cushion-covers-as-stcc-35ch-performance-weave-natural,/en-gb/collections/custom-seat-cushion-covers
/en-ch/products/add-on-an-extra-set-of-seat-cushion-covers-as-stcc-6-performance-weave-natural,/en-ch/collections/custom-seat-cushion-covers
/en-jp/products/add-on-an-extra-set-of-seat-cushion-covers-at-stcc-2-performance-weave-natural,/en-jp/collections/custom-seat-cushion-covers
/en-sg/products/add-on-an-extra-set-of-seat-cushion-covers-as-stcc-25ch-performance-weave-natural,/en-sg/collections/custom-seat-cushion-covers
/en-ca/products/add-on-an-extra-set-of-seat-cushion-covers-as-stcc-1-performance-weave-natural,/en-ca/collections/custom-seat-cushion-covers
/de-ch/products/add-on-an-extra-set-of-seat-cushion-covers-at-stcc-35ch-performance-weave-natural,/de-ch/collections/custom-seat-cushion-covers
/en-jp/products/paidge-86-sofa-slipcover-performance-weave-natural,/en-jp/collections/west-elm-paidge-slipcovers
/en-ca/products/add-on-an-extra-set-of-seat-cushion-covers-as-stcc-5-performance-weave-natural,/en-ca/collections/custom-seat-cushion-covers
/en-ca/products/add-on-an-extra-set-of-seat-cushion-covers-as-stcc-35ch-performance-weave-natural,/en-ca/collections/custom-seat-cushion-covers
/en-fr/products/add-on-an-extra-set-of-seat-cushion-covers-as-stcc-4-performance-weave-natural,/en-fr/collections/custom-seat-cushion-covers
/en-be/products/add-on-an-extra-set-of-seat-cushion-covers-at-stcc-1-performance-weave-natural,/en-be/collections/custom-seat-cushion-covers
/de-ch/products/blvd-pet-sofas,/de-ch/pages/pet-friendly-sofa-covers
/de-at/products/add-on-an-extra-set-of-seat-cushion-covers-as-stcc-35ch-performance-weave-natural,/de-at/collections/custom-seat-cushion-covers
/en-fr/products/add-on-an-extra-set-of-seat-cushion-covers-at-stcc-4-performance-weave-natural,/en-fr/collections/custom-seat-cushion-covers
/en-eu/products/blvd-pet-sofas,/en-eu/pages/pet-friendly-sofa-covers
/products/add-on-an-extra-set-of-seat-cushion-covers-as-stcc-6-performance-weave-natural,/collections/custom-seat-cushion-covers
/fr-be/products/add-on-an-extra-set-of-seat-cushion-covers-at-stcc-3-performance-weave-natural,/fr-be/collections/custom-seat-cushion-covers
/en-eu/products/shelter-92-sofa-slipcover-performance-weave-natural,/en-eu/collections/west-elm-shelter-slipcovers
/en-ch/products/add-on-an-extra-set-of-seat-cushion-covers-ae-stcc-6-performance-weave-natural,/en-ch/collections/custom-seat-cushion-covers
/en-fr/products/add-on-an-extra-set-of-seat-cushion-covers-at-stcc-2-performance-weave-natural,/en-fr/collections/custom-seat-cushion-covers
/en-sg/products/add-on-an-extra-set-of-seat-cushion-covers-at-stcc-3-performance-weave-natural,/en-sg/collections/custom-seat-cushion-covers
/en-be/products/add-on-an-extra-set-of-seat-cushion-covers-at-stcc-4-performance-weave-natural,/en-be/collections/custom-seat-cushion-covers
/en-fr/products/shelter-chair-and-half-slipcover-performance-weave-natural,/en-fr/collections/west-elm-shelter-slipcovers
/en-de/products/add-on-an-extra-set-of-seat-cushion-covers-as-stcc-6-performance-weave-natural,/en-de/collections/custom-seat-cushion-covers
/en-be/products/add-on-an-extra-set-of-seat-cushion-covers-at-stcc-35ch-performance-weave-natural,/en-be/collections/custom-seat-cushion-covers
/fr-ch/products/add-on-an-extra-set-of-seat-cushion-covers-ae-stcc-1-performance-weave-natural,/fr-ch/collections/custom-seat-cushion-covers
/pages/technology,/pages/fabric-technology